{"cameraMode":{"drawMode":0,"name":"Shaded","section":"Shading Mode"},"sceneLighting":true,"audioPlay":false,"sceneViewState":{"showFog":true,"showMaterialUpdate":false,"showSkybox":true,"showFlares":true,"showImageEffects":true,"showParticleSystems":true},"in2DMode":false,"pivot":{"x":-2.5131897926330568,"y":4.263548851013184,"z":10.486638069152832},"rotation":{"x":0.07485319674015045,"y":0.9246011972427368,"z":-0.28025704622268679,"w":0.2469404935836792},"size":6.176012992858887,"orthographic":false}