{"cameraMode":{"drawMode":0,"name":"Shaded","section":"Shading Mode"},"sceneLighting":true,"audioPlay":false,"sceneViewState":{"showFog":true,"showMaterialUpdate":false,"showSkybox":true,"showFlares":true,"showImageEffects":true,"showParticleSystems":true},"in2DMode":false,"pivot":{"x":-2.017385482788086,"y":4.482252597808838,"z":10.638971328735352},"rotation":{"x":0.08208389580249787,"y":0.9172894358634949,"z":-0.25713756680488589,"w":0.29280799627304079},"size":11.98615837097168,"orthographic":false}