{"cameraMode":{"drawMode":0,"name":"Shaded","section":"Shading Mode"},"sceneLighting":true,"audioPlay":false,"sceneViewState":{"showFog":true,"showMaterialUpdate":false,"showSkybox":true,"showFlares":true,"showImageEffects":true,"showParticleSystems":true},"in2DMode":false,"pivot":{"x":-0.2061150074005127,"y":-1.377041220664978,"z":6.501835346221924},"rotation":{"x":0.07798419892787934,"y":0.5362991690635681,"z":-0.04991283640265465,"w":0.8389703035354614},"size":38.65553665161133,"orthographic":false}