{"cameraMode":{"drawMode":0,"name":"Shaded","section":"Shading Mode"},"sceneLighting":true,"audioPlay":false,"sceneViewState":{"showFog":true,"showMaterialUpdate":false,"showSkybox":true,"showFlares":true,"showImageEffects":true,"showParticleSystems":true},"in2DMode":false,"pivot":{"x":-10.480730056762696,"y":-20.3044490814209,"z":9.931838989257813},"rotation":{"x":-0.4456562399864197,"y":0.44925591349601748,"z":-0.27688223123550417,"w":-0.7231365442276001},"size":47.331512451171878,"orthographic":false}